race_ethnicity,age_years,age_at_menarche,menstrual_status,sleep_disturbance,phq9_score,depressed
Non-Hispanic White,15,9.8,regular,no_disturbance,2,False
Mexican American,14,9.2,regular,no_disturbance,19,True
Non-Hispanic Black,16,10.8,regular,no_disturbance,0,False
Non-Hispanic Black,18,14.6,regular,no_disturbance,1,False
Other Hispanic,14,12.5,regular,no_disturbance,8,False
Mexican American,12,14.5,regular,no_disturbance,5,False
Mexican American,12,13.0,regular,no_disturbance,0,False
Mexican American,18,13.6,regular,no_disturbance,0,False
Non-Hispanic Black,12,11.4,regular,no_disturbance,0,False
Non-Hispanic Black,17,13.5,regular,no_disturbance,10,True
Other Hispanic,15,13.7,regular,no_disturbance,1,False
Non-Hispanic White,18,11.8,regular,no_disturbance,6,False
Non-Hispanic Black,12,13.5,regular,no_disturbance,5,False
Other Hispanic,19,13.4,regular,no_disturbance,0,False
Non-Hispanic Black,17,11.9,regular,no_disturbance,1,False
Mexican American,15,11.1,regular,no_disturbance,13,True
Non-Hispanic Black,13,11.4,regular,no_disturbance,7,False
Non-Hispanic Black,19,12.6,regular,no_disturbance,0,False
Mexican American,14,12.9,regular,no_disturbance,2,False
Mexican American,15,11.4,regular,no_disturbance,7,False
Non-Hispanic White,15,13.0,regular,no_disturbance,1,False
Non-Hispanic White,13,13.6,regular,no_disturbance,4,False
Mexican American,15,13.6,regular,no_disturbance,1,False
Non-Hispanic White,13,15.1,regular,no_disturbance,6,False
Mexican American,12,14.5,regular,no_disturbance,3,False
Non-Hispanic White,14,11.0,regular,no_disturbance,3,False
Other Race (incl. Multiracial),12,15.6,regular,no_disturbance,14,True
Non-Hispanic Black,15,11.8,regular,no_disturbance,1,False
Non-Hispanic White,18,14.3,regular,no_disturbance,0,False
Other Hispanic,13,12.4,regular,no_disturbance,5,False
Non-Hispanic Black,12,11.7,regular,no_disturbance,2,False
Non-Hispanic Black,12,9.8,regular,no_disturbance,6,False
Non-Hispanic White,16,12.1,regular,no_disturbance,2,False
Mexican American,14,10.2,regular,no_disturbance,3,False
Non-Hispanic White,15,13.9,regular,no_disturbance,1,False
Non-Hispanic White,12,15.6,regular,no_disturbance,2,False
Other Race (incl. Multiracial),14,11.5,regular,no_disturbance,3,False
Non-Hispanic Black,15,13.3,regular,no_disturbance,6,False
Non-Hispanic Black,15,11.2,regular,no_disturbance,4,False
Mexican American,16,11.7,regular,no_disturbance,1,False
Non-Hispanic White,18,13.6,regular,no_disturbance,3,False
Other Race (incl. Multiracial),15,12.8,regular,no_disturbance,9,False
Non-Hispanic Black,18,15.2,regular,no_disturbance,2,False
Non-Hispanic White,16,11.8,regular,no_disturbance,9,False
Non-Hispanic Black,14,13.9,regular,no_disturbance,0,False
Non-Hispanic White,13,12.7,regular,no_disturbance,3,False
Other Hispanic,14,13.9,regular,no_disturbance,1,False
Non-Hispanic Black,16,12.2,regular,no_disturbance,2,False
Other Hispanic,13,12.4,regular,no_disturbance,8,False
Mexican American,19,13.0,regular,no_disturbance,4,False
Mexican American,15,11.5,regular,no_disturbance,5,False
Non-Hispanic Black,18,13.4,regular,no_disturbance,2,False
Non-Hispanic White,17,13.3,regular,no_disturbance,5,False
Non-Hispanic White,14,13.4,regular,no_disturbance,2,False
Non-Hispanic White,13,14.8,regular,no_disturbance,2,False
Mexican American,17,14.8,regular,no_disturbance,1,False
Non-Hispanic Black,14,11.9,regular,no_disturbance,8,False
Non-Hispanic Black,13,13.0,regular,no_disturbance,5,False
Non-Hispanic Black,19,11.4,regular,no_disturbance,4,False
Non-Hispanic Black,15,12.7,regular,no_disturbance,4,False
Non-Hispanic White,12,11.4,regular,no_disturbance,1,False
Other Race (incl. Multiracial),15,15.2,regular,no_disturbance,0,False
Other Race (incl. Multiracial),15,12.9,regular,no_disturbance,3,False
Non-Hispanic White,18,12.0,regular,no_disturbance,3,False
Other Hispanic,17,14.2,regular,no_disturbance,3,False
Other Hispanic,13,9.2,regular,no_disturbance,0,False
Non-Hispanic Black,13,9.4,regular,no_disturbance,7,False
Non-Hispanic White,16,13.6,regular,no_disturbance,9,False
Non-Hispanic White,12,12.6,regular,no_disturbance,6,False
Mexican American,14,12.8,regular,no_disturbance,3,False
Mexican American,13,10.6,regular,no_disturbance,6,False
Mexican American,12,12.3,regular,no_disturbance,4,False
Non-Hispanic Black,19,15.4,regular,no_disturbance,3,False
Other Race (incl. Multiracial),12,13.6,regular,no_disturbance,4,False
Non-Hispanic White,12,13.0,regular,no_disturbance,3,False
Non-Hispanic Black,19,11.7,regular,no_disturbance,2,False
Other Hispanic,13,12.0,regular,no_disturbance,4,False
Non-Hispanic Black,18,9.1,regular,no_disturbance,1,False
Non-Hispanic White,12,13.2,regular,no_disturbance,0,False
Other Hispanic,13,13.8,regular,no_disturbance,11,True
Non-Hispanic White,12,10.1,regular,no_disturbance,0,False
Other Hispanic,17,11.4,regular,no_disturbance,3,False
Non-Hispanic Black,16,10.6,regular,no_disturbance,16,True
Non-Hispanic Black,15,11.0,regular,no_disturbance,2,False
Mexican American,13,12.5,regular,no_disturbance,9,False
Mexican American,12,9.6,regular,no_disturbance,1,False
Other Race (incl. Multiracial),16,13.4,regular,no_disturbance,0,False
Non-Hispanic Black,13,13.5,regular,no_disturbance,4,False
Non-Hispanic White,16,12.3,regular,no_disturbance,1,False
Non-Hispanic White,17,8.7,regular,no_disturbance,6,False
Other Hispanic,18,11.1,regular,no_disturbance,0,False
Mexican American,15,14.3,regular,no_disturbance,4,False
Mexican American,12,8.4,regular,no_disturbance,7,False
Mexican American,14,11.9,regular,no_disturbance,7,False
Non-Hispanic Black,18,10.9,regular,no_disturbance,2,False
Mexican American,16,13.5,regular,no_disturbance,1,False
Other Hispanic,16,11.3,regular,no_disturbance,1,False
Non-Hispanic White,15,13.1,regular,no_disturbance,9,False
Non-Hispanic Black,13,13.3,regular,no_disturbance,3,False
Other Race (incl. Multiracial),19,15.2,regular,no_disturbance,3,False
Non-Hispanic White,18,12.3,regular,no_disturbance,2,False
Non-Hispanic Black,19,13.0,regular,no_disturbance,8,False
Other Hispanic,18,10.3,regular,no_disturbance,9,False
Non-Hispanic White,14,14.2,regular,no_disturbance,1,False
Non-Hispanic Black,14,11.2,regular,no_disturbance,0,False
Non-Hispanic White,13,11.8,regular,no_disturbance,4,False
Non-Hispanic Black,19,12.9,regular,no_disturbance,8,False
Non-Hispanic White,16,10.2,regular,no_disturbance,9,False
Non-Hispanic White,15,12.8,regular,no_disturbance,23,True
Other Race (incl. Multiracial),19,14.0,regular,no_disturbance,2,False
Mexican American,16,13.2,regular,no_disturbance,8,False
Non-Hispanic Black,19,10.2,regular,no_disturbance,4,False
Mexican American,19,12.5,regular,no_disturbance,2,False
Non-Hispanic White,12,13.8,regular,no_disturbance,4,False
Other Hispanic,14,9.9,regular,no_disturbance,0,False
Other Race (incl. Multiracial),17,10.9,regular,no_disturbance,1,False
Non-Hispanic White,18,13.7,regular,no_disturbance,1,False
Non-Hispanic Black,13,13.0,regular,no_disturbance,4,False
Non-Hispanic White,14,13.3,regular,no_disturbance,2,False
Non-Hispanic White,16,15.5,regular,no_disturbance,2,False
Other Hispanic,18,13.5,regular,no_disturbance,0,False
Mexican American,12,13.7,regular,no_disturbance,0,False
Other Hispanic,16,16.5,regular,no_disturbance,2,False
Other Hispanic,14,12.2,regular,no_disturbance,1,False
Non-Hispanic White,13,11.3,regular,no_disturbance,1,False
Non-Hispanic White,16,13.1,regular,no_disturbance,2,False
Non-Hispanic White,15,13.3,regular,no_disturbance,0,False
Non-Hispanic Black,17,11.7,regular,no_disturbance,4,False
Non-Hispanic White,14,10.9,regular,no_disturbance,2,False
Non-Hispanic Black,18,16.4,regular,no_disturbance,1,False
Other Race (incl. Multiracial),12,13.0,regular,no_disturbance,0,False
Non-Hispanic White,18,11.6,regular,no_disturbance,3,False
Other Hispanic,12,14.1,regular,no_disturbance,4,False
Non-Hispanic Black,17,12.4,regular,no_disturbance,3,False
Other Race (incl. Multiracial),14,12.1,regular,no_disturbance,7,False
Non-Hispanic White,15,13.2,regular,no_disturbance,4,False
Non-Hispanic Black,12,10.4,regular,no_disturbance,0,False
Non-Hispanic White,17,13.1,regular,no_disturbance,8,False
Non-Hispanic White,13,15.4,regular,no_disturbance,0,False
Other Race (incl. Multiracial),17,13.3,regular,no_disturbance,5,False
Other Race (incl. Multiracial),17,11.9,regular,no_disturbance,4,False
Mexican American,18,12.2,regular,no_disturbance,0,False
Mexican American,17,12.0,regular,no_disturbance,2,False
Mexican American,14,12.1,regular,no_disturbance,0,False
Non-Hispanic Black,17,11.8,regular,no_disturbance,6,False
Mexican American,18,13.8,regular,no_disturbance,1,False
Non-Hispanic Black,14,10.1,regular,no_disturbance,2,False
Non-Hispanic Black,12,14.1,regular,no_disturbance,5,False
Non-Hispanic White,19,11.9,regular,no_disturbance,2,False
Non-Hispanic Black,13,13.5,regular,no_disturbance,0,False
Other Race (incl. Multiracial),16,10.7,regular,no_disturbance,4,False
Non-Hispanic Black,13,14.6,regular,no_disturbance,9,False
Other Hispanic,13,14.5,regular,no_disturbance,3,False
Mexican American,18,14.1,regular,no_disturbance,1,False
Non-Hispanic Black,13,10.3,regular,no_disturbance,4,False
Other Hispanic,17,13.8,regular,no_disturbance,2,False
Mexican American,17,13.0,regular,no_disturbance,13,True
Non-Hispanic White,12,10.4,regular,no_disturbance,6,False
Mexican American,13,12.7,regular,no_disturbance,3,False
Non-Hispanic Black,18,13.1,regular,no_disturbance,4,False
Mexican American,16,13.5,regular,no_disturbance,1,False
Other Race (incl. Multiracial),12,13.1,regular,no_disturbance,0,False
Other Hispanic,19,13.0,regular,no_disturbance,7,False
Non-Hispanic Black,14,15.3,regular,no_disturbance,1,False
Mexican American,12,14.5,regular,no_disturbance,8,False
Mexican American,19,8.1,regular,no_disturbance,4,False
Non-Hispanic Black,12,12.1,regular,no_disturbance,3,False
Other Race (incl. Multiracial),16,12.5,regular,no_disturbance,0,False
Other Race (incl. Multiracial),19,10.2,regular,no_disturbance,5,False
Mexican American,16,12.7,regular,no_disturbance,1,False
Non-Hispanic Black,16,14.3,regular,no_disturbance,1,False
Non-Hispanic Black,15,10.8,regular,no_disturbance,1,False
Non-Hispanic White,13,12.9,regular,no_disturbance,0,False
Other Race (incl. Multiracial),16,11.3,regular,no_disturbance,7,False
Non-Hispanic Black,19,11.4,regular,no_disturbance,6,False
Non-Hispanic White,12,14.6,regular,no_disturbance,4,False
Other Hispanic,19,11.9,regular,no_disturbance,0,False
Other Hispanic,15,13.6,regular,no_disturbance,3,False
Mexican American,16,9.6,regular,no_disturbance,1,False
Mexican American,13,15.3,regular,no_disturbance,1,False
Mexican American,16,13.4,regular,no_disturbance,3,False
Non-Hispanic White,13,12.6,regular,no_disturbance,3,False
Non-Hispanic Black,14,13.4,regular,no_disturbance,0,False
Other Race (incl. Multiracial),17,10.3,regular,no_disturbance,18,True
Non-Hispanic Black,12,14.3,regular,no_disturbance,1,False
Other Hispanic,15,12.3,regular,no_disturbance,1,False
Non-Hispanic White,16,12.2,regular,no_disturbance,19,True
Other Hispanic,13,11.7,regular,no_disturbance,6,False
Non-Hispanic Black,14,11.6,regular,no_disturbance,5,False
Non-Hispanic Black,14,13.4,regular,no_disturbance,8,False
Non-Hispanic White,17,12.9,regular,no_disturbance,3,False
Mexican American,19,13.4,regular,no_disturbance,0,False
Mexican American,18,13.1,regular,no_disturbance,1,False
Non-Hispanic White,13,13.1,regular,no_disturbance,0,False
Mexican American,12,11.8,regular,no_disturbance,1,False
Non-Hispanic White,12,15.8,regular,no_disturbance,8,False
Non-Hispanic Black,16,10.0,regular,no_disturbance,1,False
Other Race (incl. Multiracial),13,14.5,regular,no_disturbance,3,False
Non-Hispanic Black,13,14.5,regular,no_disturbance,4,False
Mexican American,18,11.1,regular,no_disturbance,7,False
Non-Hispanic White,18,15.9,regular,no_disturbance,6,False
Mexican American,18,14.0,regular,no_disturbance,7,False
Non-Hispanic White,14,13.9,regular,no_disturbance,3,False
Non-Hispanic Black,16,12.9,regular,no_disturbance,6,False
Non-Hispanic White,16,12.3,regular,no_disturbance,0,False
Mexican American,13,12.2,regular,no_disturbance,3,False
Non-Hispanic Black,16,13.2,regular,no_disturbance,4,False
Non-Hispanic Black,16,14.7,regular,no_disturbance,1,False
Non-Hispanic White,15,12.7,regular,no_disturbance,0,False
Non-Hispanic White,18,11.0,regular,no_disturbance,3,False
Non-Hispanic Black,17,13.8,regular,no_disturbance,0,False
Non-Hispanic White,16,13.8,regular,no_disturbance,0,False
Non-Hispanic White,17,13.3,regular,no_disturbance,1,False
Other Hispanic,18,13.5,regular,no_disturbance,4,False
Mexican American,16,12.0,regular,no_disturbance,4,False
Non-Hispanic White,14,11.3,regular,no_disturbance,0,False
Non-Hispanic Black,18,11.2,regular,no_disturbance,2,False
Other Race (incl. Multiracial),17,9.9,regular,no_disturbance,0,False
Mexican American,19,12.7,regular,no_disturbance,5,False
Non-Hispanic Black,13,12.6,regular,no_disturbance,0,False
Non-Hispanic Black,15,11.8,regular,no_disturbance,4,False
Other Hispanic,19,7.9,regular,no_disturbance,7,False
Non-Hispanic Black,16,10.6,regular,no_disturbance,6,False
Mexican American,19,14.3,regular,no_disturbance,7,False
Non-Hispanic Black,12,11.4,regular,no_disturbance,1,False
Non-Hispanic Black,12,13.1,regular,no_disturbance,9,False
Other Hispanic,18,10.4,regular,no_disturbance,2,False
Other Race (incl. Multiracial),14,14.5,regular,no_disturbance,3,False
Non-Hispanic White,16,12.6,regular,no_disturbance,5,False
Non-Hispanic Black,15,13.0,regular,no_disturbance,2,False
Non-Hispanic Black,15,15.9,regular,no_disturbance,3,False
Other Hispanic,19,14.7,regular,no_disturbance,0,False
Other Race (incl. Multiracial),12,11.9,regular,no_disturbance,3,False
Non-Hispanic White,18,11.5,regular,no_disturbance,2,False
Non-Hispanic White,19,11.9,regular,no_disturbance,11,True
Mexican American,17,13.2,regular,no_disturbance,6,False
Other Race (incl. Multiracial),15,12.3,regular,no_disturbance,1,False
Mexican American,13,12.2,regular,no_disturbance,8,False
Mexican American,17,14.8,regular,no_disturbance,2,False
Mexican American,15,12.2,regular,no_disturbance,7,False
Non-Hispanic Black,13,16.2,regular,no_disturbance,6,False
Non-Hispanic White,14,12.6,regular,no_disturbance,0,False
Non-Hispanic White,19,15.3,regular,no_disturbance,3,False
Other Hispanic,14,13.0,regular,no_disturbance,8,False
Other Race (incl. Multiracial),13,14.0,regular,no_disturbance,4,False
Non-Hispanic White,17,11.3,regular,no_disturbance,3,False
Mexican American,13,11.3,regular,no_disturbance,4,False
Non-Hispanic White,19,13.4,regular,no_disturbance,2,False
Mexican American,18,13.8,regular,no_disturbance,2,False
Other Hispanic,19,12.7,regular,no_disturbance,10,True
Non-Hispanic White,19,10.5,regular,no_disturbance,2,False
Mexican American,13,10.9,regular,no_disturbance,2,False
Mexican American,13,10.5,regular,no_disturbance,2,False
Mexican American,14,10.0,regular,no_disturbance,1,False
Non-Hispanic White,15,12.6,regular,no_disturbance,1,False
Non-Hispanic Black,19,14.9,regular,no_disturbance,3,False
Non-Hispanic Black,17,12.4,regular,no_disturbance,2,False
Other Race (incl. Multiracial),17,9.0,regular,no_disturbance,3,False
Mexican American,19,12.1,regular,no_disturbance,3,False
Mexican American,17,12.5,regular,no_disturbance,4,False
Non-Hispanic Black,15,15.7,regular,no_disturbance,3,False
Mexican American,15,10.3,regular,no_disturbance,8,False
Other Hispanic,16,11.9,regular,no_disturbance,2,False
Non-Hispanic Black,12,15.0,regular,no_disturbance,8,False
Non-Hispanic Black,17,13.1,regular,no_disturbance,17,True
Mexican American,17,13.5,regular,no_disturbance,8,False
Mexican American,17,12.6,regular,no_disturbance,11,True
Mexican American,16,12.9,regular,no_disturbance,5,False
Mexican American,18,13.9,regular,no_disturbance,0,False
Mexican American,19,11.2,regular,no_disturbance,4,False
Mexican American,16,13.8,regular,no_disturbance,4,False
Non-Hispanic Black,15,10.3,regular,no_disturbance,5,False
Non-Hispanic White,12,12.8,regular,no_disturbance,0,False
Other Hispanic,18,12.7,regular,no_disturbance,0,False
Non-Hispanic White,19,11.5,regular,no_disturbance,0,False
Mexican American,17,12.4,regular,no_disturbance,0,False
Non-Hispanic Black,18,11.7,regular,no_disturbance,2,False
Non-Hispanic Black,18,11.1,regular,no_disturbance,9,False
Other Hispanic,18,12.0,regular,no_disturbance,3,False
Non-Hispanic Black,16,10.7,regular,no_disturbance,13,True
Non-Hispanic Black,12,13.0,regular,no_disturbance,2,False
Non-Hispanic Black,12,11.2,regular,no_disturbance,5,False
Mexican American,13,14.3,regular,no_disturbance,3,False
Non-Hispanic White,15,10.9,regular,no_disturbance,4,False
Non-Hispanic Black,17,11.5,regular,no_disturbance,9,False
Non-Hispanic White,15,11.5,regular,no_disturbance,4,False
Non-Hispanic Black,12,14.5,regular,no_disturbance,14,True
Mexican American,13,13.0,regular,no_disturbance,9,False
Non-Hispanic White,19,12.4,regular,no_disturbance,0,False
Other Race (incl. Multiracial),19,13.4,regular,no_disturbance,0,False
Non-Hispanic Black,15,9.2,regular,no_disturbance,1,False
Mexican American,18,12.4,regular,no_disturbance,2,False
Other Hispanic,17,15.7,regular,no_disturbance,1,False
Other Race (incl. Multiracial),19,13.0,regular,no_disturbance,2,False
Mexican American,19,12.6,regular,no_disturbance,18,True
Other Race (incl. Multiracial),17,13.7,regular,no_disturbance,2,False
Mexican American,15,13.9,regular,no_disturbance,4,False
Non-Hispanic Black,17,9.4,regular,no_disturbance,1,False
Non-Hispanic Black,14,10.1,regular,no_disturbance,4,False
Non-Hispanic White,14,13.8,regular,no_disturbance,0,False
Other Hispanic,16,11.3,regular,no_disturbance,3,False
Non-Hispanic White,16,14.8,regular,no_disturbance,6,False
Mexican American,16,12.1,regular,no_disturbance,4,False
Non-Hispanic White,15,9.5,regular,no_disturbance,8,False
Other Race (incl. Multiracial),15,10.4,regular,no_disturbance,6,False
Non-Hispanic Black,12,8.2,regular,no_disturbance,4,False
Non-Hispanic White,16,12.1,regular,no_disturbance,3,False
Non-Hispanic White,16,12.3,regular,no_disturbance,2,False
Other Race (incl. Multiracial),19,12.0,regular,no_disturbance,5,False
Non-Hispanic Black,16,14.4,regular,no_disturbance,5,False
Non-Hispanic White,15,14.3,regular,no_disturbance,2,False
Non-Hispanic Black,12,12.3,regular,no_disturbance,4,False
Non-Hispanic Black,13,9.3,regular,no_disturbance,0,False
Non-Hispanic White,14,13.5,regular,no_disturbance,9,False
Non-Hispanic Black,15,13.2,regular,no_disturbance,1,False
Other Race (incl. Multiracial),14,12.8,regular,no_disturbance,17,True
Non-Hispanic Black,15,14.0,regular,no_disturbance,1,False
Non-Hispanic White,18,10.9,regular,no_disturbance,1,False
Mexican American,13,15.4,regular,no_disturbance,1,False
Mexican American,14,11.0,regular,no_disturbance,3,False
Non-Hispanic Black,13,13.6,regular,no_disturbance,1,False
Mexican American,14,10.0,regular,no_disturbance,0,False
Mexican American,17,11.2,regular,no_disturbance,3,False
Non-Hispanic Black,12,15.2,regular,no_disturbance,2,False
Non-Hispanic Black,14,11.9,regular,no_disturbance,3,False
Non-Hispanic Black,12,14.2,regular,no_disturbance,3,False
Non-Hispanic Black,19,13.3,regular,no_disturbance,2,False
Non-Hispanic White,17,12.5,regular,no_disturbance,0,False
Other Race (incl. Multiracial),13,14.6,regular,no_disturbance,9,False
Mexican American,13,12.1,regular,no_disturbance,8,False
Other Race (incl. Multiracial),12,10.0,regular,no_disturbance,3,False
Non-Hispanic Black,15,11.3,regular,no_disturbance,9,False
Other Hispanic,18,13.3,regular,no_disturbance,0,False
Non-Hispanic White,16,13.3,regular,no_disturbance,2,False
Mexican American,19,10.4,regular,no_disturbance,9,False
Mexican American,14,11.7,regular,no_disturbance,2,False
Non-Hispanic Black,14,11.5,regular,no_disturbance,4,False
Mexican American,15,12.2,regular,no_disturbance,2,False
Non-Hispanic Black,13,10.4,regular,no_disturbance,2,False
Other Race (incl. Multiracial),19,11.6,regular,no_disturbance,15,True
Non-Hispanic White,13,11.5,regular,no_disturbance,19,True
Non-Hispanic Black,15,13.9,regular,no_disturbance,3,False
Non-Hispanic Black,16,13.9,regular,no_disturbance,4,False
Mexican American,12,12.2,regular,no_disturbance,0,False
Non-Hispanic White,15,11.7,regular,no_disturbance,0,False
Other Hispanic,15,12.8,regular,no_disturbance,2,False
Non-Hispanic Black,14,11.3,regular,no_disturbance,0,False
Non-Hispanic Black,13,10.6,regular,no_disturbance,4,False
Mexican American,12,11.1,regular,no_disturbance,0,False
Other Hispanic,12,11.6,regular,no_disturbance,4,False
Other Race (incl. Multiracial),15,11.1,regular,no_disturbance,7,False
Non-Hispanic Black,12,13.3,regular,no_disturbance,2,False
Non-Hispanic White,19,13.8,regular,no_disturbance,11,True
Non-Hispanic White,13,10.1,regular,no_disturbance,4,False
Non-Hispanic White,17,12.6,regular,no_disturbance,0,False
Non-Hispanic Black,17,12.1,regular,no_disturbance,5,False
Other Race (incl. Multiracial),15,12.9,regular,no_disturbance,6,False
Non-Hispanic White,19,12.5,regular,no_disturbance,4,False
Mexican American,12,10.3,regular,no_disturbance,9,False
Other Race (incl. Multiracial),13,10.5,regular,no_disturbance,1,False
Other Race (incl. Multiracial),14,12.9,regular,no_disturbance,4,False
Non-Hispanic White,13,14.4,regular,no_disturbance,4,False
Non-Hispanic White,14,9.5,regular,no_disturbance,2,False
Non-Hispanic White,14,13.4,regular,no_disturbance,3,False
Mexican American,18,14.9,regular,no_disturbance,2,False
Mexican American,14,12.2,regular,no_disturbance,7,False
Other Race (incl. Multiracial),19,13.9,regular,no_disturbance,1,False
Non-Hispanic Black,18,11.4,regular,no_disturbance,3,False
Mexican American,19,12.4,regular,no_disturbance,0,False
Mexican American,12,9.9,regular,no_disturbance,6,False
Mexican American,19,8.9,regular,no_disturbance,1,False
Non-Hispanic White,16,14.1,regular,no_disturbance,16,True
Mexican American,19,11.2,regular,no_disturbance,0,False
Mexican American,14,11.8,regular,no_disturbance,4,False
Non-Hispanic Black,19,10.4,regular,no_disturbance,4,False
Mexican American,16,10.3,regular,no_disturbance,4,False
Non-Hispanic White,12,12.5,regular,no_disturbance,12,True
Other Hispanic,15,11.7,regular,no_disturbance,0,False
Non-Hispanic White,13,13.0,regular,no_disturbance,0,False
Non-Hispanic White,19,13.2,regular,no_disturbance,1,False
Non-Hispanic Black,14,12.8,regular,no_disturbance,1,False
Non-Hispanic White,13,12.9,regular,no_disturbance,2,False
Other Hispanic,16,15.0,regular,no_disturbance,2,False
Other Hispanic,15,11.0,regular,no_disturbance,0,False
Mexican American,12,12.5,regular,no_disturbance,10,True
Non-Hispanic White,18,14.2,regular,no_disturbance,1,False
Non-Hispanic White,18,14.4,regular,no_disturbance,3,False
Non-Hispanic White,17,10.3,regular,no_disturbance,4,False
Other Race (incl. Multiracial),16,12.0,regular,no_disturbance,3,False
Non-Hispanic Black,15,14.5,regular,no_disturbance,7,False
Non-Hispanic Black,16,13.4,regular,no_disturbance,0,False
Other Hispanic,16,13.1,regular,no_disturbance,3,False
Non-Hispanic Black,13,12.1,regular,no_disturbance,3,False
Non-Hispanic Black,12,11.9,regular,no_disturbance,4,False
Non-Hispanic Black,14,12.8,regular,no_disturbance,1,False
Other Race (incl. Multiracial),15,12.1,regular,no_disturbance,7,False
Non-Hispanic Black,13,12.4,regular,no_disturbance,4,False
Non-Hispanic White,12,12.7,regular,no_disturbance,4,False
Non-Hispanic White,18,11.5,regular,no_disturbance,4,False
Non-Hispanic Black,14,13.3,regular,no_disturbance,4,False
Non-Hispanic Black,16,16.9,regular,no_disturbance,2,False
Non-Hispanic Black,16,9.7,regular,no_disturbance,11,True
Other Hispanic,17,13.0,regular,no_disturbance,2,False
Mexican American,17,11.5,regular,no_disturbance,2,False
Mexican American,14,13.3,regular,no_disturbance,8,False
Mexican American,18,12.4,regular,no_disturbance,0,False
Non-Hispanic Black,14,13.9,regular,no_disturbance,7,False
Non-Hispanic Black,18,14.1,regular,no_disturbance,12,True
Other Race (incl. Multiracial),15,12.7,regular,no_disturbance,2,False
Non-Hispanic Black,12,14.3,regular,no_disturbance,2,False
Mexican American,18,8.9,regular,no_disturbance,1,False
Non-Hispanic Black,12,15.1,regular,no_disturbance,9,False
Non-Hispanic Black,18,13.0,regular,no_disturbance,2,False
Non-Hispanic White,12,14.0,regular,no_disturbance,2,False
Non-Hispanic Black,13,10.5,regular,no_disturbance,4,False
Mexican American,16,11.2,regular,no_disturbance,0,False
Non-Hispanic White,19,12.8,regular,no_disturbance,2,False
Mexican American,15,12.4,regular,no_disturbance,1,False
Non-Hispanic Black,12,13.1,regular,no_disturbance,4,False
Non-Hispanic White,13,14.1,regular,no_disturbance,0,False
Non-Hispanic Black,19,9.9,regular,no_disturbance,7,False
Other Race (incl. Multiracial),17,13.9,regular,no_disturbance,1,False
Non-Hispanic White,12,12.8,regular,no_disturbance,1,False
Non-Hispanic Black,15,12.3,regular,no_disturbance,0,False
Mexican American,14,10.4,regular,no_disturbance,4,False
Non-Hispanic Black,13,13.2,regular,no_disturbance,3,False
Non-Hispanic White,18,8.7,regular,no_disturbance,0,False
Mexican American,16,13.5,regular,no_disturbance,4,False
Non-Hispanic Black,13,10.4,regular,no_disturbance,3,False
Non-Hispanic White,17,12.7,regular,no_disturbance,5,False
Other Race (incl. Multiracial),15,12.4,regular,no_disturbance,4,False
Mexican American,12,14.3,regular,no_disturbance,7,False
Non-Hispanic White,15,12.1,regular,no_disturbance,2,False
Non-Hispanic Black,13,11.4,regular,no_disturbance,2,False
Other Race (incl. Multiracial),13,11.6,regular,no_disturbance,1,False
Other Hispanic,19,14.6,regular,no_disturbance,1,False
Non-Hispanic White,17,13.8,regular,no_disturbance,0,False
Mexican American,13,12.9,regular,no_disturbance,2,False
Mexican American,18,12.2,regular,no_disturbance,10,True
Non-Hispanic White,16,10.2,regular,no_disturbance,3,False
Other Hispanic,18,13.1,regular,no_disturbance,1,False
Non-Hispanic White,17,9.9,regular,no_disturbance,4,False
Non-Hispanic Black,14,13.5,regular,no_disturbance,0,False
Non-Hispanic White,16,12.7,regular,no_disturbance,8,False
Non-Hispanic Black,16,16.0,regular,no_disturbance,3,False
Non-Hispanic Black,17,10.8,regular,no_disturbance,4,False
Other Race (incl. Multiracial),13,12.3,regular,no_disturbance,7,False
Non-Hispanic White,14,15.3,regular,no_disturbance,3,False
Mexican American,13,14.4,regular,no_disturbance,13,True
Non-Hispanic Black,14,11.5,regular,no_disturbance,1,False
Other Race (incl. Multiracial),13,12.8,regular,no_disturbance,4,False
Non-Hispanic Black,12,12.4,regular,no_disturbance,4,False
Other Race (incl. Multiracial),19,13.0,regular,no_disturbance,4,False
Other Race (incl. Multiracial),12,11.5,regular,no_disturbance,1,False
Mexican American,19,12.2,regular,no_disturbance,0,False
Non-Hispanic White,12,10.1,regular,no_disturbance,3,False
Non-Hispanic Black,18,12.8,regular,no_disturbance,0,False
Other Hispanic,14,13.0,regular,no_disturbance,0,False
Non-Hispanic White,16,12.3,regular,no_disturbance,7,False
Non-Hispanic Black,14,9.9,regular,no_disturbance,1,False
Non-Hispanic Black,15,13.9,regular,no_disturbance,1,False
Non-Hispanic Black,15,12.9,regular,no_disturbance,5,False
Other Hispanic,16,11.3,regular,no_disturbance,1,False
Non-Hispanic White,15,11.9,regular,no_disturbance,11,True
Mexican American,16,10.5,regular,no_disturbance,2,False
Mexican American,18,10.9,regular,no_disturbance,5,False
Non-Hispanic White,15,11.6,regular,no_disturbance,0,False
Non-Hispanic White,14,14.6,regular,no_disturbance,4,False
Non-Hispanic White,13,11.8,regular,no_disturbance,7,False
Mexican American,14,13.4,regular,no_disturbance,1,False
Non-Hispanic Black,13,11.7,regular,no_disturbance,0,False
Non-Hispanic Black,13,12.8,regular,no_disturbance,7,False
Mexican American,19,12.3,regular,no_disturbance,4,False
Other Race (incl. Multiracial),12,13.7,regular,no_disturbance,2,False
Mexican American,15,11.8,regular,no_disturbance,3,False
Non-Hispanic White,18,10.4,regular,no_disturbance,9,False
Other Race (incl. Multiracial),19,10.6,regular,no_disturbance,4,False
Other Race (incl. Multiracial),13,11.7,regular,no_disturbance,1,False
Non-Hispanic White,13,10.5,regular,no_disturbance,2,False
Non-Hispanic Black,14,13.0,regular,no_disturbance,2,False
Other Race (incl. Multiracial),16,11.8,regular,no_disturbance,2,False
Non-Hispanic Black,19,15.9,regular,no_disturbance,2,False
Mexican American,13,9.7,regular,no_disturbance,7,False
Mexican American,13,13.1,regular,no_disturbance,0,False
Non-Hispanic Black,14,11.0,regular,no_disturbance,3,False
Non-Hispanic Black,18,11.9,regular,no_disturbance,3,False
Non-Hispanic White,12,12.9,regular,no_disturbance,1,False
Mexican American,15,8.9,regular,no_disturbance,3,False
Other Race (incl. Multiracial),12,12.8,regular,no_disturbance,0,False
Mexican American,13,15.4,regular,no_disturbance,2,False
Non-Hispanic Black,19,11.9,regular,no_disturbance,3,False
Non-Hispanic Black,12,12.7,regular,no_disturbance,4,False
Non-Hispanic White,14,14.1,regular,no_disturbance,1,False
Non-Hispanic White,19,12.2,regular,no_disturbance,0,False
Non-Hispanic White,16,11.8,regular,no_disturbance,4,False
Non-Hispanic Black,12,9.1,regular,no_disturbance,12,True
Other Race (incl. Multiracial),15,13.8,regular,no_disturbance,3,False
Mexican American,19,12.3,regular,no_disturbance,2,False
Mexican American,15,10.9,regular,no_disturbance,0,False
Mexican American,16,13.1,regular,no_disturbance,1,False
Mexican American,16,11.7,regular,no_disturbance,0,False
Mexican American,17,11.7,regular,no_disturbance,7,False
Non-Hispanic White,13,13.3,regular,no_disturbance,8,False
Mexican American,18,10.4,regular,no_disturbance,7,False
Mexican American,19,14.0,regular,no_disturbance,0,False
Non-Hispanic Black,13,10.3,regular,no_disturbance,1,False
Mexican American,18,11.3,regular,no_disturbance,4,False
Mexican American,18,15.3,regular,no_disturbance,12,True
Non-Hispanic White,17,14.3,regular,no_disturbance,1,False
Mexican American,14,12.9,regular,no_disturbance,3,False
Non-Hispanic White,15,11.3,regular,no_disturbance,6,False
Non-Hispanic White,18,11.9,regular,no_disturbance,3,False
Non-Hispanic Black,13,12.5,regular,no_disturbance,2,False
Mexican American,18,12.6,regular,no_disturbance,0,False
Non-Hispanic White,19,12.5,regular,no_disturbance,1,False
Mexican American,17,12.6,regular,no_disturbance,7,False
Other Hispanic,14,12.2,regular,no_disturbance,6,False
Non-Hispanic Black,16,10.4,regular,no_disturbance,9,False
Mexican American,12,11.9,regular,no_disturbance,0,False
Non-Hispanic White,19,14.0,regular,no_disturbance,1,False
Other Race (incl. Multiracial),14,10.6,regular,no_disturbance,1,False
Other Race (incl. Multiracial),12,12.2,regular,no_disturbance,4,False
Non-Hispanic White,18,11.4,regular,no_disturbance,3,False
Non-Hispanic Black,17,12.7,regular,no_disturbance,1,False
Mexican American,16,12.1,regular,no_disturbance,2,False
Other Race (incl. Multiracial),12,14.6,regular,no_disturbance,2,False
Non-Hispanic Black,18,13.4,regular,no_disturbance,0,False
Non-Hispanic White,17,10.5,regular,no_disturbance,0,False
Mexican American,18,13.7,regular,no_disturbance,4,False
Other Race (incl. Multiracial),18,11.4,regular,no_disturbance,7,False
Non-Hispanic Black,13,11.6,regular,no_disturbance,19,True
Mexican American,13,12.9,regular,no_disturbance,4,False
Non-Hispanic Black,19,11.8,regular,no_disturbance,0,False
Non-Hispanic White,16,13.8,regular,no_disturbance,2,False
Non-Hispanic Black,15,11.3,regular,no_disturbance,4,False
Non-Hispanic White,14,11.7,regular,no_disturbance,0,False
Non-Hispanic Black,17,11.4,regular,no_disturbance,0,False
Mexican American,18,11.8,regular,no_disturbance,8,False
Non-Hispanic Black,12,14.3,regular,no_disturbance,2,False
Mexican American,16,13.4,regular,no_disturbance,0,False
Non-Hispanic Black,19,15.1,regular,no_disturbance,0,False
Non-Hispanic Black,14,15.8,regular,no_disturbance,8,False
Non-Hispanic Black,14,11.0,regular,no_disturbance,3,False
Non-Hispanic White,19,12.5,regular,no_disturbance,8,False
Non-Hispanic White,12,10.5,regular,no_disturbance,4,False
Non-Hispanic White,15,11.6,regular,no_disturbance,12,True
Non-Hispanic Black,15,11.4,regular,no_disturbance,5,False
Other Hispanic,18,10.9,regular,no_disturbance,1,False
Other Hispanic,13,11.0,regular,no_disturbance,8,False
Mexican American,15,12.4,regular,no_disturbance,10,True
Non-Hispanic White,13,10.7,regular,no_disturbance,0,False
Non-Hispanic White,18,13.8,regular,no_disturbance,6,False
Non-Hispanic Black,17,11.1,regular,no_disturbance,12,True
Mexican American,15,16.6,regular,no_disturbance,3,False
Non-Hispanic White,15,11.8,regular,no_disturbance,3,False
Non-Hispanic Black,13,12.7,regular,no_disturbance,0,False
Non-Hispanic White,19,10.4,regular,no_disturbance,1,False
Mexican American,17,15.1,regular,no_disturbance,0,False
Non-Hispanic White,14,14.6,regular,no_disturbance,0,False
Other Hispanic,15,12.9,regular,no_disturbance,0,False
Mexican American,17,10.5,regular,no_disturbance,3,False
Non-Hispanic White,17,12.7,regular,no_disturbance,2,False
Non-Hispanic White,15,10.7,regular,no_disturbance,3,False
Non-Hispanic Black,14,14.6,regular,no_disturbance,8,False
Non-Hispanic Black,17,13.8,regular,no_disturbance,3,False
Non-Hispanic Black,17,12.5,regular,no_disturbance,6,False
Non-Hispanic Black,16,8.9,regular,no_disturbance,2,False
Non-Hispanic White,12,10.9,regular,no_disturbance,1,False
Mexican American,15,13.4,regular,no_disturbance,4,False
Other Race (incl. Multiracial),16,14.5,regular,no_disturbance,4,False
Non-Hispanic White,19,14.1,regular,no_disturbance,2,False
Non-Hispanic Black,16,10.2,regular,no_disturbance,2,False
Mexican American,14,12.8,regular,no_disturbance,7,False
Non-Hispanic White,16,13.8,regular,no_disturbance,4,False
Other Race (incl. Multiracial),13,10.0,regular,no_disturbance,3,False
Non-Hispanic Black,12,12.4,regular,no_disturbance,6,False
Other Hispanic,17,12.9,regular,no_disturbance,17,True
Non-Hispanic White,19,12.1,regular,no_disturbance,16,True
Non-Hispanic Black,18,9.7,regular,no_disturbance,8,False
Non-Hispanic White,16,12.2,regular,no_disturbance,3,False
Non-Hispanic White,12,12.1,regular,no_disturbance,1,False
Non-Hispanic White,19,12.7,regular,no_disturbance,0,False
Non-Hispanic White,15,11.6,regular,no_disturbance,6,False
Non-Hispanic Black,14,11.7,regular,no_disturbance,0,False
Non-Hispanic Black,19,12.4,regular,no_disturbance,2,False
Other Race (incl. Multiracial),17,13.1,regular,no_disturbance,5,False
Other Race (incl. Multiracial),17,12.5,regular,no_disturbance,1,False
Mexican American,14,11.9,regular,no_disturbance,2,False
Other Hispanic,19,12.9,regular,no_disturbance,4,False
Other Race (incl. Multiracial),15,9.6,regular,no_disturbance,9,False
Non-Hispanic Black,16,13.1,regular,no_disturbance,0,False
Non-Hispanic White,18,12.3,regular,no_disturbance,1,False
Other Hispanic,17,13.0,regular,no_disturbance,0,False
Non-Hispanic White,13,14.3,regular,no_disturbance,3,False
Mexican American,14,9.6,regular,no_disturbance,0,False
Non-Hispanic White,14,9.5,regular,no_disturbance,9,False
Non-Hispanic Black,19,12.9,regular,no_disturbance,10,True
Non-Hispanic White,17,12.3,regular,no_disturbance,4,False
Mexican American,14,12.8,regular,no_disturbance,3,False
Non-Hispanic White,17,12.1,regular,no_disturbance,9,False
Mexican American,17,13.8,regular,no_disturbance,4,False
Non-Hispanic Black,15,13.7,regular,no_disturbance,5,False
Non-Hispanic White,15,13.4,regular,no_disturbance,3,False
Other Race (incl. Multiracial),19,12.0,regular,no_disturbance,3,False
Non-Hispanic White,16,9.2,regular,no_disturbance,2,False
Non-Hispanic Black,13,13.9,regular,no_disturbance,5,False
Non-Hispanic Black,17,14.3,regular,no_disturbance,0,False
Other Hispanic,16,13.7,regular,no_disturbance,5,False
Non-Hispanic White,16,11.3,regular,no_disturbance,3,False
Non-Hispanic White,17,13.6,regular,no_disturbance,5,False
Mexican American,19,13.8,regular,no_disturbance,3,False
Mexican American,14,14.7,regular,no_disturbance,0,False
Non-Hispanic Black,15,11.1,regular,no_disturbance,19,True
Non-Hispanic Black,13,12.5,regular,no_disturbance,1,False
Other Race (incl. Multiracial),17,13.8,regular,no_disturbance,4,False
Mexican American,15,12.6,regular,no_disturbance,8,False
Non-Hispanic Black,14,10.8,regular,no_disturbance,1,False
Non-Hispanic White,17,13.2,regular,no_disturbance,2,False
Non-Hispanic Black,15,13.4,regular,no_disturbance,0,False
Other Race (incl. Multiracial),15,12.6,regular,no_disturbance,4,False
Other Hispanic,15,12.9,regular,no_disturbance,0,False
Non-Hispanic White,14,12.2,regular,no_disturbance,10,True
Mexican American,13,14.6,regular,no_disturbance,6,False
Other Hispanic,18,11.2,regular,no_disturbance,9,False
Non-Hispanic White,12,11.7,regular,no_disturbance,2,False
Other Race (incl. Multiracial),14,12.5,regular,no_disturbance,0,False
Mexican American,17,13.7,regular,no_disturbance,6,False
Other Race (incl. Multiracial),13,10.2,regular,no_disturbance,0,False
Mexican American,17,10.4,regular,no_disturbance,4,False
Non-Hispanic Black,17,9.5,regular,no_disturbance,1,False
Non-Hispanic Black,17,12.4,regular,no_disturbance,4,False
Non-Hispanic Black,14,11.2,regular,no_disturbance,1,False
Other Race (incl. Multiracial),12,12.2,regular,no_disturbance,2,False
Non-Hispanic Black,19,13.6,regular,no_disturbance,3,False
Non-Hispanic White,14,11.7,regular,no_disturbance,4,False
Other Hispanic,18,13.0,regular,no_disturbance,4,False
Non-Hispanic Black,13,12.1,regular,no_disturbance,9,False
Non-Hispanic Black,13,13.5,regular,no_disturbance,1,False
Mexican American,18,13.2,regular,no_disturbance,2,False
Mexican American,19,11.8,regular,no_disturbance,1,False
Non-Hispanic White,18,12.2,regular,no_disturbance,4,False
Non-Hispanic Black,18,14.0,regular,no_disturbance,1,False
Other Hispanic,13,13.3,regular,no_disturbance,2,False
Other Hispanic,19,10.6,regular,no_disturbance,3,False
Mexican American,17,13.5,regular,no_disturbance,3,False
Mexican American,13,11.0,regular,no_disturbance,14,True
Non-Hispanic White,13,14.8,regular,no_disturbance,0,False
Other Hispanic,18,13.9,regular,no_disturbance,0,False
Non-Hispanic Black,14,13.2,regular,no_disturbance,7,False
Non-Hispanic White,18,12.9,regular,no_disturbance,4,False
Non-Hispanic Black,13,12.3,regular,no_disturbance,0,False
Non-Hispanic Black,14,13.7,regular,no_disturbance,5,False
Non-Hispanic Black,14,12.0,regular,no_disturbance,14,True
Non-Hispanic Black,14,12.8,regular,no_disturbance,4,False
Non-Hispanic Black,17,13.8,regular,no_disturbance,2,False
Non-Hispanic Black,19,11.5,regular,no_disturbance,4,False
Non-Hispanic White,19,12.1,regular,no_disturbance,3,False
Non-Hispanic White,17,10.7,regular,no_disturbance,4,False
Non-Hispanic White,13,11.4,regular,no_disturbance,0,False
Other Hispanic,19,9.8,regular,no_disturbance,2,False
Other Hispanic,16,13.5,regular,no_disturbance,3,False
Non-Hispanic Black,16,15.5,regular,no_disturbance,0,False
Non-Hispanic Black,17,14.7,regular,no_disturbance,1,False
Non-Hispanic Black,18,10.7,regular,no_disturbance,0,False
Non-Hispanic Black,19,13.5,regular,no_disturbance,1,False
Non-Hispanic White,16,14.9,regular,no_disturbance,2,False
Other Race (incl. Multiracial),16,12.1,regular,no_disturbance,1,False
Non-Hispanic White,17,12.8,regular,no_disturbance,1,False
Mexican American,14,9.8,regular,no_disturbance,1,False
Non-Hispanic White,14,12.9,regular,no_disturbance,2,False
Other Hispanic,17,10.8,regular,no_disturbance,0,False
Mexican American,12,12.7,regular,no_disturbance,5,False
Non-Hispanic Black,14,10.2,regular,no_disturbance,3,False
Non-Hispanic Black,17,13.5,regular,no_disturbance,9,False
Non-Hispanic Black,19,13.9,regular,no_disturbance,1,False
Non-Hispanic White,16,11.3,regular,no_disturbance,3,False
Non-Hispanic Black,15,10.7,regular,no_disturbance,4,False
Mexican American,15,9.5,regular,no_disturbance,0,False
Non-Hispanic Black,17,12.6,regular,no_disturbance,3,False
Non-Hispanic White,16,11.5,regular,no_disturbance,0,False
Other Hispanic,12,10.3,regular,no_disturbance,0,False
Mexican American,16,13.4,regular,no_disturbance,3,False
Mexican American,15,11.8,regular,no_disturbance,0,False
Non-Hispanic White,17,10.7,regular,no_disturbance,0,False
Non-Hispanic Black,19,12.0,regular,no_disturbance,2,False
Non-Hispanic White,19,14.0,regular,no_disturbance,13,True
Non-Hispanic Black,16,13.8,regular,no_disturbance,7,False
Non-Hispanic Black,14,12.2,regular,no_disturbance,4,False
Non-Hispanic White,15,13.3,regular,no_disturbance,8,False
Non-Hispanic White,13,10.7,regular,no_disturbance,0,False
Mexican American,19,12.6,regular,no_disturbance,3,False
Mexican American,18,12.8,regular,no_disturbance,2,False
Mexican American,18,11.9,regular,no_disturbance,19,True
Other Race (incl. Multiracial),14,13.2,regular,no_disturbance,0,False
Other Hispanic,14,11.8,regular,no_disturbance,3,False
Other Race (incl. Multiracial),18,13.3,regular,no_disturbance,3,False
Non-Hispanic White,16,13.4,regular,no_disturbance,1,False
Other Hispanic,17,8.2,regular,no_disturbance,3,False
Mexican American,15,14.1,regular,no_disturbance,17,True
Mexican American,15,7.8,regular,no_disturbance,2,False
Non-Hispanic White,17,11.6,regular,no_disturbance,4,False
Non-Hispanic Black,18,14.1,regular,no_disturbance,1,False
Other Race (incl. Multiracial),14,11.8,regular,no_disturbance,15,True
Non-Hispanic White,18,10.8,regular,no_disturbance,4,False
Other Race (incl. Multiracial),13,11.0,regular,no_disturbance,2,False
Non-Hispanic Black,15,14.1,regular,no_disturbance,0,False
Other Hispanic,19,9.7,regular,no_disturbance,0,False
Non-Hispanic Black,19,14.1,regular,no_disturbance,6,False
Non-Hispanic White,19,12.5,regular,no_disturbance,3,False
Non-Hispanic White,14,10.8,regular,no_disturbance,2,False
Non-Hispanic Black,18,11.9,regular,no_disturbance,4,False
Non-Hispanic White,19,11.0,regular,no_disturbance,3,False
Non-Hispanic White,19,13.7,regular,no_disturbance,2,False
Non-Hispanic Black,12,13.5,regular,no_disturbance,1,False
Non-Hispanic Black,17,9.9,regular,no_disturbance,9,False
Non-Hispanic Black,19,11.8,regular,no_disturbance,10,True
Mexican American,18,11.1,regular,no_disturbance,1,False
Other Hispanic,13,14.3,regular,no_disturbance,4,False
Other Hispanic,18,10.4,regular,no_disturbance,3,False
Non-Hispanic White,12,15.0,regular,no_disturbance,8,False
Other Hispanic,15,12.4,regular,no_disturbance,3,False
Non-Hispanic Black,17,10.9,regular,no_disturbance,5,False
Other Hispanic,15,11.5,regular,no_disturbance,1,False
Non-Hispanic Black,17,11.2,regular,no_disturbance,15,True
Non-Hispanic Black,13,10.7,regular,no_disturbance,0,False
Mexican American,16,12.7,regular,no_disturbance,0,False
Non-Hispanic Black,17,10.8,regular,no_disturbance,2,False
Non-Hispanic Black,17,9.4,regular,no_disturbance,3,False
Non-Hispanic Black,14,12.2,regular,no_disturbance,4,False
Other Hispanic,14,9.9,regular,no_disturbance,2,False
Mexican American,14,11.4,regular,no_disturbance,3,False
Mexican American,15,11.3,regular,no_disturbance,16,True
Mexican American,16,11.1,regular,no_disturbance,4,False
Non-Hispanic Black,14,15.4,regular,no_disturbance,6,False
Mexican American,15,12.9,regular,no_disturbance,6,False
Non-Hispanic White,14,12.8,regular,no_disturbance,3,False
Mexican American,13,9.7,regular,no_disturbance,0,False
Non-Hispanic Black,17,11.6,regular,no_disturbance,4,False
Other Race (incl. Multiracial),18,12.8,regular,no_disturbance,12,True
Mexican American,14,11.1,regular,no_disturbance,3,False
Non-Hispanic White,18,14.1,regular,no_disturbance,2,False
Non-Hispanic Black,16,10.6,regular,no_disturbance,7,False
Mexican American,13,12.2,regular,no_disturbance,7,False
Non-Hispanic White,14,11.6,regular,no_disturbance,4,False
Non-Hispanic Black,12,12.7,regular,no_disturbance,6,False
Non-Hispanic White,12,11.6,regular,no_disturbance,1,False
Non-Hispanic Black,14,12.0,regular,no_disturbance,2,False
Non-Hispanic Black,15,12.2,regular,no_disturbance,2,False
Other Race (incl. Multiracial),18,11.4,regular,no_disturbance,2,False
Non-Hispanic White,13,13.4,regular,no_disturbance,2,False
Non-Hispanic Black,18,13.0,regular,no_disturbance,1,False
Non-Hispanic White,13,12.3,regular,no_disturbance,1,False
Other Race (incl. Multiracial),13,11.9,regular,no_disturbance,0,False
Non-Hispanic White,17,13.9,regular,no_disturbance,7,False
Non-Hispanic White,18,12.0,regular,no_disturbance,4,False
Non-Hispanic White,16,12.0,regular,no_disturbance,0,False
Non-Hispanic Black,12,12.7,regular,no_disturbance,2,False
Non-Hispanic White,12,14.9,regular,no_disturbance,0,False
Mexican American,15,10.4,regular,no_disturbance,2,False
Mexican American,15,14.1,regular,no_disturbance,7,False
Other Race (incl. Multiracial),19,9.6,regular,no_disturbance,2,False
Non-Hispanic White,14,12.8,regular,no_disturbance,3,False
Other Hispanic,13,15.0,regular,no_disturbance,8,False
Mexican American,19,13.1,regular,no_disturbance,1,False
Non-Hispanic White,13,12.7,regular,no_disturbance,2,False
Non-Hispanic Black,12,11.6,regular,no_disturbance,1,False
Non-Hispanic Black,15,12.6,regular,no_disturbance,3,False
Non-Hispanic White,15,11.9,regular,no_disturbance,0,False
Non-Hispanic White,16,11.3,regular,no_disturbance,4,False
Mexican American,19,12.1,regular,no_disturbance,3,False
Non-Hispanic White,19,12.8,regular,no_disturbance,5,False
Non-Hispanic Black,14,11.3,regular,no_disturbance,1,False
Mexican American,19,11.2,regular,no_disturbance,9,False
Non-Hispanic White,17,10.5,regular,no_disturbance,0,False
Non-Hispanic Black,12,13.4,regular,no_disturbance,5,False
Non-Hispanic White,19,13.5,regular,no_disturbance,3,False
Mexican American,13,12.8,regular,no_disturbance,3,False
Other Race (incl. Multiracial),16,13.9,regular,no_disturbance,11,True
Mexican American,18,12.8,regular,no_disturbance,0,False
Other Hispanic,13,13.1,regular,no_disturbance,4,False
Mexican American,14,12.8,regular,no_disturbance,3,False
Non-Hispanic White,15,12.3,regular,no_disturbance,4,False
Other Race (incl. Multiracial),19,12.0,regular,no_disturbance,0,False
Non-Hispanic White,13,15.9,regular,no_disturbance,4,False
Non-Hispanic Black,17,11.8,regular,no_disturbance,4,False
Other Hispanic,15,11.4,regular,no_disturbance,3,False
Non-Hispanic Black,12,13.2,regular,no_disturbance,2,False
Other Race (incl. Multiracial),17,12.9,regular,no_disturbance,3,False
Other Hispanic,18,10.4,regular,no_disturbance,0,False
Non-Hispanic Black,16,14.4,regular,no_disturbance,4,False
Other Race (incl. Multiracial),13,12.5,regular,no_disturbance,1,False
Other Race (incl. Multiracial),13,10.7,regular,no_disturbance,0,False
Mexican American,15,14.3,regular,no_disturbance,7,False
Non-Hispanic Black,16,13.3,regular,no_disturbance,0,False
Mexican American,16,10.5,regular,no_disturbance,3,False
Non-Hispanic White,13,15.0,regular,no_disturbance,0,False
Non-Hispanic White,16,13.4,regular,no_disturbance,3,False
Mexican American,14,12.6,regular,no_disturbance,2,False
Other Hispanic,17,14.9,regular,no_disturbance,0,False
Non-Hispanic Black,18,12.7,regular,no_disturbance,6,False
Mexican American,17,12.4,regular,no_disturbance,4,False
Other Race (incl. Multiracial),12,11.4,regular,no_disturbance,2,False
Other Hispanic,19,13.3,regular,no_disturbance,12,True
Non-Hispanic White,12,13.3,regular,no_disturbance,2,False
Other Hispanic,19,12.6,regular,no_disturbance,5,False
Non-Hispanic Black,12,11.6,regular,no_disturbance,7,False
Other Hispanic,16,13.0,regular,no_disturbance,4,False
Other Hispanic,12,12.4,regular,no_disturbance,1,False
Other Race (incl. Multiracial),12,10.4,regular,no_disturbance,7,False
Non-Hispanic Black,17,10.2,regular,no_disturbance,6,False
Non-Hispanic White,17,13.2,regular,no_disturbance,7,False
Non-Hispanic White,12,8.5,regular,no_disturbance,1,False
Mexican American,19,12.9,regular,no_disturbance,0,False
Other Hispanic,14,11.9,regular,no_disturbance,0,False
Non-Hispanic Black,14,14.4,regular,no_disturbance,4,False
Non-Hispanic White,14,12.4,regular,no_disturbance,3,False
Mexican American,15,13.4,regular,no_disturbance,4,False
Non-Hispanic White,13,11.8,regular,no_disturbance,2,False
Non-Hispanic White,15,13.3,regular,no_disturbance,4,False
Other Race (incl. Multiracial),13,13.5,regular,no_disturbance,0,False
Other Hispanic,12,11.8,regular,no_disturbance,4,False
Mexican American,14,13.9,regular,no_disturbance,2,False
Non-Hispanic Black,17,11.1,regular,no_disturbance,1,False
Non-Hispanic White,18,12.9,regular,no_disturbance,19,True
Mexican American,14,14.0,regular,no_disturbance,9,False
Non-Hispanic White,14,13.7,regular,no_disturbance,3,False
Mexican American,18,15.2,regular,no_disturbance,2,False
Mexican American,17,11.3,regular,no_disturbance,1,False
Non-Hispanic White,18,10.6,regular,no_disturbance,4,False
Non-Hispanic Black,19,11.2,regular,no_disturbance,0,False
Mexican American,18,13.5,regular,no_disturbance,0,False
Non-Hispanic White,19,13.3,regular,no_disturbance,3,False
Mexican American,15,13.0,regular,no_disturbance,0,False
Non-Hispanic Black,15,10.8,regular,no_disturbance,3,False
Non-Hispanic White,14,13.7,regular,no_disturbance,2,False
Mexican American,13,10.9,regular,no_disturbance,0,False
Mexican American,17,14.5,regular,no_disturbance,3,False
Other Hispanic,17,16.8,regular,no_disturbance,0,False
Non-Hispanic White,18,13.0,regular,no_disturbance,6,False
Mexican American,13,13.4,regular,no_disturbance,0,False
Other Race (incl. Multiracial),15,11.8,regular,no_disturbance,10,True
Non-Hispanic White,13,9.7,regular,no_disturbance,1,False
Non-Hispanic White,19,11.5,regular,no_disturbance,3,False
Non-Hispanic White,14,11.1,regular,no_disturbance,2,False
Other Race (incl. Multiracial),13,10.4,regular,no_disturbance,6,False
Non-Hispanic White,16,15.0,regular,no_disturbance,3,False
Non-Hispanic White,19,12.8,regular,no_disturbance,5,False
Other Race (incl. Multiracial),19,13.0,regular,no_disturbance,3,False
Non-Hispanic White,12,11.9,regular,no_disturbance,8,False
Other Race (incl. Multiracial),14,12.3,regular,no_disturbance,7,False
Non-Hispanic Black,13,13.9,regular,no_disturbance,4,False
Mexican American,14,12.5,regular,no_disturbance,7,False
Mexican American,16,13.4,regular,no_disturbance,1,False
Non-Hispanic White,14,12.3,regular,no_disturbance,3,False
Non-Hispanic White,12,11.9,regular,no_disturbance,2,False
Non-Hispanic White,16,10.3,regular,no_disturbance,6,False
Other Hispanic,12,9.4,regular,no_disturbance,3,False
Mexican American,13,12.4,regular,no_disturbance,4,False
Non-Hispanic Black,12,12.6,regular,no_disturbance,1,False
Non-Hispanic Black,12,10.5,regular,no_disturbance,0,False
Non-Hispanic Black,15,12.6,regular,no_disturbance,0,False
Non-Hispanic Black,18,12.8,regular,no_disturbance,4,False
Non-Hispanic White,18,9.2,regular,no_disturbance,2,False
Non-Hispanic White,12,11.2,regular,no_disturbance,4,False
Non-Hispanic White,12,13.2,regular,no_disturbance,3,False
Mexican American,14,13.4,regular,no_disturbance,4,False
Non-Hispanic White,17,10.7,regular,no_disturbance,4,False
Non-Hispanic White,17,12.6,regular,disturbed,9,False
Non-Hispanic Black,18,14.1,regular,disturbed,16,True
Non-Hispanic White,14,13.8,regular,disturbed,0,False
Non-Hispanic White,13,12.4,regular,disturbed,22,True
Non-Hispanic White,12,12.1,regular,disturbed,0,False
Non-Hispanic White,13,11.5,regular,disturbed,1,False
Mexican American,12,13.2,regular,disturbed,0,False
Non-Hispanic White,18,12.6,regular,disturbed,0,False
Non-Hispanic White,14,13.3,regular,disturbed,12,True
Non-Hispanic White,18,12.6,regular,disturbed,12,True
Non-Hispanic White,16,13.7,regular,disturbed,11,True
Mexican American,16,12.5,regular,disturbed,1,False
Non-Hispanic Black,15,13.8,regular,disturbed,14,True
Non-Hispanic Black,18,13.7,regular,disturbed,4,False
Other Race (incl. Multiracial),12,11.9,regular,disturbed,4,False
Non-Hispanic White,12,9.7,regular,disturbed,3,False
Other Hispanic,15,14.8,regular,disturbed,9,False
Non-Hispanic Black,15,12.9,regular,disturbed,27,True
Non-Hispanic White,16,9.8,regular,disturbed,7,False
Mexican American,17,11.4,regular,disturbed,1,False
Other Race (incl. Multiracial),16,13.6,regular,disturbed,2,False
Other Hispanic,14,12.3,regular,disturbed,3,False
Non-Hispanic White,14,11.8,regular,disturbed,2,False
Other Hispanic,18,14.7,regular,disturbed,23,True
Non-Hispanic Black,13,11.1,regular,disturbed,1,False
Mexican American,16,11.4,regular,disturbed,3,False
Mexican American,16,12.9,regular,disturbed,1,False
Non-Hispanic Black,18,13.0,regular,disturbed,1,False
Non-Hispanic White,17,13.3,regular,disturbed,7,False
Non-Hispanic White,15,13.8,regular,disturbed,2,False
Non-Hispanic White,14,12.8,regular,disturbed,0,False
Non-Hispanic Black,14,13.2,regular,disturbed,1,False
Non-Hispanic White,15,12.1,regular,disturbed,4,False
Mexican American,13,12.5,regular,disturbed,9,False
Other Hispanic,17,12.5,regular,disturbed,0,False
Non-Hispanic White,13,12.8,regular,disturbed,12,True
Mexican American,17,13.9,regular,disturbed,2,False
Non-Hispanic Black,18,13.3,regular,disturbed,8,False
Non-Hispanic Black,19,12.8,regular,disturbed,3,False
Mexican American,12,11.2,regular,disturbed,18,True
Other Hispanic,18,12.5,regular,disturbed,1,False
Mexican American,12,13.1,regular,disturbed,8,False
Non-Hispanic White,14,12.7,regular,disturbed,12,True
Non-Hispanic White,13,15.9,regular,disturbed,6,False
Mexican American,13,11.8,regular,disturbed,0,False
Non-Hispanic Black,13,13.2,regular,disturbed,3,False
Mexican American,12,14.2,regular,disturbed,0,False
Non-Hispanic Black,18,12.5,regular,disturbed,15,True
Non-Hispanic White,12,16.0,regular,disturbed,1,False
Mexican American,15,11.7,regular,disturbed,19,True
Non-Hispanic White,17,13.3,regular,disturbed,0,False
Non-Hispanic Black,19,11.4,regular,disturbed,8,False
Other Race (incl. Multiracial),18,11.9,regular,disturbed,3,False
Non-Hispanic White,13,12.8,regular,disturbed,4,False
Other Race (incl. Multiracial),19,14.0,regular,disturbed,5,False
Non-Hispanic Black,17,12.9,regular,disturbed,2,False
Non-Hispanic White,13,14.3,regular,disturbed,13,True
Other Hispanic,15,12.2,regular,disturbed,10,True
Non-Hispanic Black,19,12.1,regular,disturbed,0,False
Non-Hispanic White,15,16.8,regular,disturbed,6,False
Non-Hispanic White,13,13.1,regular,disturbed,9,False
Non-Hispanic White,19,11.6,regular,disturbed,5,False
Other Race (incl. Multiracial),19,11.5,regular,disturbed,6,False
Non-Hispanic White,19,11.0,regular,disturbed,3,False
Non-Hispanic Black,19,14.2,regular,disturbed,1,False
Mexican American,18,11.8,regular,disturbed,4,False
Mexican American,15,12.7,regular,disturbed,15,True
Non-Hispanic Black,13,12.4,regular,disturbed,2,False
Mexican American,16,13.5,regular,disturbed,11,True
Other Hispanic,13,11.1,regular,disturbed,18,True
Non-Hispanic White,15,11.4,regular,disturbed,0,False
Non-Hispanic White,17,12.7,regular,disturbed,2,False
Non-Hispanic Black,19,13.7,regular,disturbed,9,False
Non-Hispanic Black,14,12.9,regular,disturbed,1,False
Other Race (incl. Multiracial),14,11.2,regular,disturbed,3,False
Non-Hispanic White,17,13.8,regular,disturbed,12,True
Non-Hispanic Black,12,11.5,regular,disturbed,10,True
Non-Hispanic White,16,11.6,regular,disturbed,9,False
Mexican American,17,10.9,regular,disturbed,0,False
Non-Hispanic Black,16,14.5,regular,disturbed,8,False
Mexican American,15,13.3,regular,disturbed,9,False
Non-Hispanic White,18,13.5,regular,disturbed,1,False
Non-Hispanic White,14,14.5,regular,disturbed,9,False
Other Hispanic,17,16.6,regular,disturbed,2,False
Other Hispanic,15,9.9,regular,disturbed,14,True
Other Hispanic,12,11.4,regular,disturbed,0,False
Non-Hispanic Black,16,11.5,regular,disturbed,13,True
Non-Hispanic White,12,11.2,regular,disturbed,10,True
Other Race (incl. Multiracial),19,11.5,regular,disturbed,2,False
Mexican American,16,12.1,regular,disturbed,3,False
Mexican American,14,10.6,regular,disturbed,0,False
Other Race (incl. Multiracial),15,13.5,regular,disturbed,4,False
Non-Hispanic White,16,12.7,regular,disturbed,3,False
Non-Hispanic White,14,13.1,regular,disturbed,16,True
Other Race (incl. Multiracial),14,13.2,regular,disturbed,12,True
Mexican American,15,13.2,regular,disturbed,6,False
Non-Hispanic White,14,12.0,regular,disturbed,2,False
Non-Hispanic Black,18,15.5,regular,disturbed,7,False
Non-Hispanic White,12,13.4,regular,disturbed,1,False
Mexican American,18,9.7,regular,disturbed,4,False
Non-Hispanic Black,14,11.2,regular,disturbed,13,True
Non-Hispanic White,16,9.8,regular,disturbed,1,False
Mexican American,13,12.6,regular,disturbed,4,False
Non-Hispanic White,15,12.3,regular,disturbed,9,False
Non-Hispanic White,18,11.8,regular,disturbed,0,False
Mexican American,14,15.8,regular,disturbed,14,True
Non-Hispanic White,13,13.7,regular,disturbed,3,False
Other Race (incl. Multiracial),16,14.0,regular,disturbed,3,False
Non-Hispanic Black,13,12.2,regular,disturbed,6,False
Mexican American,14,10.9,regular,disturbed,4,False
Non-Hispanic Black,15,12.6,regular,disturbed,9,False
Other Race (incl. Multiracial),16,12.7,regular,disturbed,4,False
Non-Hispanic White,17,10.0,regular,disturbed,4,False
Mexican American,17,12.1,regular,disturbed,3,False
Mexican American,18,12.8,regular,disturbed,2,False
Non-Hispanic White,12,12.2,regular,disturbed,1,False
Non-Hispanic White,14,11.3,regular,disturbed,1,False
Mexican American,12,11.7,regular,disturbed,3,False
Non-Hispanic Black,12,12.1,regular,disturbed,0,False
Non-Hispanic Black,13,12.5,regular,disturbed,2,False
Mexican American,16,13.4,regular,disturbed,4,False
Other Hispanic,19,14.2,regular,disturbed,2,False
Other Hispanic,18,12.0,regular,disturbed,0,False
Non-Hispanic White,17,11.8,regular,disturbed,4,False
Non-Hispanic White,18,13.2,regular,disturbed,1,False
Non-Hispanic Black,13,13.3,regular,disturbed,2,False
Non-Hispanic Black,18,11.7,regular,disturbed,0,False
Non-Hispanic White,19,14.0,regular,disturbed,18,True
Non-Hispanic White,12,14.0,regular,disturbed,0,False
Other Race (incl. Multiracial),15,14.4,regular,disturbed,1,False
Non-Hispanic White,18,15.1,regular,disturbed,3,False
Other Hispanic,15,11.1,regular,disturbed,11,True
Other Race (incl. Multiracial),18,12.8,regular,disturbed,2,False
Non-Hispanic Black,19,12.4,irregular,no_disturbance,0,False
Non-Hispanic Black,15,12.4,irregular,no_disturbance,0,False
Mexican American,12,11.6,irregular,no_disturbance,2,False
Other Race (incl. Multiracial),14,10.4,irregular,no_disturbance,9,False
Non-Hispanic White,13,12.6,irregular,no_disturbance,4,False
Other Race (incl. Multiracial),15,11.7,irregular,no_disturbance,12,True
Non-Hispanic Black,16,12.8,irregular,no_disturbance,1,False
Other Hispanic,15,11.3,irregular,no_disturbance,0,False
Mexican American,13,10.8,irregular,no_disturbance,2,False
Non-Hispanic Black,14,12.8,irregular,no_disturbance,2,False
Non-Hispanic White,17,12.7,irregular,no_disturbance,2,False
Non-Hispanic Black,12,13.3,irregular,no_disturbance,1,False
Other Hispanic,13,15.8,irregular,no_disturbance,6,False
Mexican American,19,12.9,irregular,no_disturbance,18,True
Non-Hispanic White,12,13.6,irregular,no_disturbance,5,False
Non-Hispanic White,15,10.8,irregular,no_disturbance,3,False
Non-Hispanic Black,13,10.5,irregular,no_disturbance,2,False
Non-Hispanic White,12,14.9,irregular,no_disturbance,4,False
Mexican American,15,11.2,irregular,no_disturbance,3,False
Non-Hispanic Black,16,11.0,irregular,no_disturbance,1,False
Other Hispanic,13,12.5,irregular,no_disturbance,0,False
Non-Hispanic White,12,12.4,irregular,no_disturbance,4,False
Other Race (incl. Multiracial),13,11.1,irregular,no_disturbance,1,False
Non-Hispanic White,17,12.2,irregular,no_disturbance,0,False
Other Hispanic,18,14.2,irregular,no_disturbance,1,False
Non-Hispanic Black,13,11.2,irregular,no_disturbance,2,False
Non-Hispanic White,14,10.3,irregular,no_disturbance,0,False
Other Race (incl. Multiracial),14,13.8,irregular,no_disturbance,9,False
Mexican American,14,13.4,irregular,no_disturbance,2,False
Other Hispanic,13,11.7,irregular,no_disturbance,2,False
Other Hispanic,12,10.6,irregular,no_disturbance,1,False
Other Hispanic,16,11.7,irregular,no_disturbance,2,False
Mexican American,14,12.5,irregular,no_disturbance,3,False
Mexican American,14,14.3,irregular,no_disturbance,4,False
Mexican American,14,10.9,irregular,no_disturbance,1,False
Non-Hispanic Black,19,12.2,irregular,no_disturbance,1,False
Mexican American,16,13.5,irregular,no_disturbance,5,False
Other Hispanic,15,8.9,irregular,no_disturbance,4,False
Non-Hispanic Black,13,13.9,irregular,no_disturbance,0,False
Non-Hispanic Black,18,10.8,irregular,no_disturbance,4,False
Non-Hispanic Black,19,13.0,irregular,disturbed,1,False
Non-Hispanic White,12,12.9,irregular,disturbed,0,False
Non-Hispanic White,19,14.0,irregular,disturbed,4,False
Mexican American,17,13.5,irregular,disturbed,3,False
Non-Hispanic Black,12,8.9,irregular,disturbed,12,True
Other Race (incl. Multiracial),18,11.4,irregular,disturbed,3,False
